jobid,stem,rows,final_iter,final_rt,final_error,final_rel_l1err_archived
491371,SOCMartNet_HJBLQ_b1.0_delta0.2_delc0.3_d1000_te1.0_s45fcb_d1000_s1,8001,8000.0,1733.8462,0.021634363,
491372,SOCMartNet_HJBLQ_b1.0_delta0.2_delc0.3_d1000_te1.0_s45fcb_d1000_s2,8001,8000.0,1731.3627,0.019647392,
491373,SOCMartNet_HJBLQ_b1.0_delta0.2_delc0.3_d1000_te1.0_s45fcb_d1000_s3,8001,8000.0,1731.741,0.018150523,
491374,SOCMartNet_HJBLQ_b1.0_delta0.2_delc0.3_d1000_te1.0_s45fcb_d1000_s4,8001,8000.0,1731.3303,0.022488628,
491380,SOCMartNet_ShiftTarget_cg10.0_tg3.0_d100_te1.0_s46f_st_d100_s0,1001,1000.0,83.708336,0.0118049765,
491381,SOCMartNet_ShiftTarget_cg10.0_tg3.0_d500_te1.0_s46f_st_d500_s0,1001,1000.0,185.19418,0.0026901264,
491409,SOCMartNet_HJBLQ_b1.0_delta0.2_delc0.3_eps1.0_d1000_te1.0_s47f_eps1.0_d1000_s0,4001,4000.0,866.8661,1.7379665,
491410,SOCMartNet_HJBLQ_b1.0_delta0.2_delc0.3_eps0.5_d1000_te1.0_s47f_eps0.5_d1000_s0,4001,4000.0,866.6603,0.81897163,
491411,SOCMartNet_HJBLQ_b1.0_delta0.2_delc0.3_eps0.25_d1000_te1.0_s47f_eps0.25_d1000_s0,4001,4000.0,866.7171,0.36459172,
491412,SOCMartNet_HJBLQ_b1.0_delta0.2_delc0.3_eps0.125_d1000_te1.0_s47f_eps0.125_d1000_s0,4001,4000.0,866.7684,0.19696246,
495819,SOCMartNet_Non-deg_HJBv3_delc0.1_te1.0_d100_te1.0_s42g_hjb1_d100_t1.0_s0,1001,1000.0,23.02993,0.0061479355,
495820,SOCMartNet_Non-deg_HJBv3_delc0.1_te0.5_d100_te0.5_s42g_hjb1_d100_t0.5_s0,1001,1000.0,22.856754,0.0064374064,
495821,SOCMartNet_Non-deg_HJBv3_delc0.1_te0.10000000149011612_d100_te0.1_s42g_hjb1_d100_t0.1_s0,1001,1000.0,23.014393,0.011849245,
495822,SOCMartNet_Non-deg_HJBv3_delc0.1_te0.009999999776482582_d100_te0.01_s42g_hjb1_d100_t0.01_s0,1001,1000.0,22.54847,0.031555578,
495823,SOCMartNet_Non-deg_HJBv3_delc0.1_te1.0_d1000_te1.0_s42g_hjb1_d1000_t1.0_s0,1001,1000.0,216.51924,0.0054836045,
495824,SOCMartNet_Non-deg_HJBv3_delc0.1_te0.5_d1000_te0.5_s42g_hjb1_d1000_t0.5_s0,1001,1000.0,216.48839,0.0069766412,
495825,SOCMartNet_Non-deg_HJBv3_delc0.1_te0.10000000149011612_d1000_te0.1_s42g_hjb1_d1000_t0.1_s0,1001,1000.0,216.66249,0.019420138,
495826,SOCMartNet_Non-deg_HJBv3_delc0.1_te0.009999999776482582_d1000_te0.01_s42g_hjb1_d1000_t0.01_s0,1001,1000.0,216.43658,0.11387818,
495827,SOCMartNet_Non-deg_HJBv3_delc0.1_te1.0_d2000_te1.0_s42g_hjb1_d2000_t1.0_s0,1001,1000.0,801.676,0.0029046172,
495970,SOCMartNet_ShiftTarget_cg10.0_tg3.0_d100_te1.0_s46f_st_d100_s1,1001,1000.0,86.920906,0.007980592,
495971,SOCMartNet_ShiftTarget_cg10.0_tg3.0_d100_te1.0_s46f_st_d100_s2,1001,1000.0,85.45974,0.0083388835,
495973,SOCMartNet_ShiftTarget_cg10.0_tg3.0_d100_te1.0_s46f_st_d100_s3,1001,1000.0,84.42259,0.010196277,
495974,SOCMartNet_ShiftTarget_cg10.0_tg3.0_d100_te1.0_s46f_st_d100_s4,1001,1000.0,85.434,0.011268695,
495975,SOCMartNet_ShiftTarget_cg10.0_tg3.0_d500_te1.0_s46f_st_d500_s1,1001,1000.0,186.7309,0.0034263358,
495976,SOCMartNet_ShiftTarget_cg10.0_tg3.0_d500_te1.0_s46f_st_d500_s2,1001,1000.0,187.40706,0.0031224245,
495977,SOCMartNet_ShiftTarget_cg10.0_tg3.0_d500_te1.0_s46f_st_d500_s3,1001,1000.0,187.3305,0.0040761903,
495978,SOCMartNet_ShiftTarget_cg10.0_tg3.0_d500_te1.0_s46f_st_d500_s4,1001,1000.0,187.1033,0.002022765,
495979,SOCMartNet_HJBLQ_b1.0_delta0.2_delc0.3_eps1.0_d1000_te1.0_s47f_eps1.0_d1000_s1,4001,4000.0,866.7857,1.7380532,
495980,SOCMartNet_HJBLQ_b1.0_delta0.2_delc0.3_eps1.0_d1000_te1.0_s47f_eps1.0_d1000_s2,4001,4000.0,867.5478,1.7494786,
495981,SOCMartNet_HJBLQ_b1.0_delta0.2_delc0.3_eps1.0_d1000_te1.0_s47f_eps1.0_d1000_s3,4001,4000.0,867.3496,1.7380874,
495982,SOCMartNet_HJBLQ_b1.0_delta0.2_delc0.3_eps1.0_d1000_te1.0_s47f_eps1.0_d1000_s4,4001,4000.0,866.83856,1.7500812,
495983,SOCMartNet_HJBLQ_b1.0_delta0.2_delc0.3_eps0.5_d1000_te1.0_s47f_eps0.5_d1000_s1,4001,4000.0,866.6736,0.8206807,
495984,SOCMartNet_HJBLQ_b1.0_delta0.2_delc0.3_eps0.5_d1000_te1.0_s47f_eps0.5_d1000_s2,4001,4000.0,867.011,0.829886,
495985,SOCMartNet_HJBLQ_b1.0_delta0.2_delc0.3_eps0.5_d1000_te1.0_s47f_eps0.5_d1000_s3,4001,4000.0,866.664,0.8198257,
495986,SOCMartNet_HJBLQ_b1.0_delta0.2_delc0.3_eps0.5_d1000_te1.0_s47f_eps0.5_d1000_s4,4001,4000.0,868.0584,0.82700306,
495987,SOCMartNet_HJBLQ_b1.0_delta0.2_delc0.3_eps0.25_d1000_te1.0_s47f_eps0.25_d1000_s1,4001,4000.0,869.5441,0.36894992,
495988,SOCMartNet_HJBLQ_b1.0_delta0.2_delc0.3_eps0.25_d1000_te1.0_s47f_eps0.25_d1000_s2,4001,4000.0,867.12085,0.37761024,
495989,SOCMartNet_HJBLQ_b1.0_delta0.2_delc0.3_eps0.25_d1000_te1.0_s47f_eps0.25_d1000_s3,4001,4000.0,866.3114,0.36750206,
495990,SOCMartNet_HJBLQ_b1.0_delta0.2_delc0.3_eps0.25_d1000_te1.0_s47f_eps0.25_d1000_s4,4001,4000.0,867.45306,0.37084627,
495991,SOCMartNet_HJBLQ_b1.0_delta0.2_delc0.3_eps0.125_d1000_te1.0_s47f_eps0.125_d1000_s1,4001,4000.0,867.45575,0.21098158,
495992,SOCMartNet_HJBLQ_b1.0_delta0.2_delc0.3_eps0.125_d1000_te1.0_s47f_eps0.125_d1000_s2,4001,4000.0,867.13806,0.21313034,
495993,SOCMartNet_HJBLQ_b1.0_delta0.2_delc0.3_eps0.125_d1000_te1.0_s47f_eps0.125_d1000_s3,4001,4000.0,866.8258,0.20372277,
495994,SOCMartNet_HJBLQ_b1.0_delta0.2_delc0.3_eps0.125_d1000_te1.0_s47f_eps0.125_d1000_s4,4001,4000.0,867.1865,0.18952344,
496077,SOCMartNet_Non-deg_HJBv3_delc0.1_te0.5_d2000_te0.5_s42g_hjb1_d2000_t0.5_s0,1001,1000.0,804.039,0.002607714,
496078,SOCMartNet_Non-deg_HJBv3_delc0.1_te0.10000000149011612_d2000_te0.1_s42g_hjb1_d2000_t0.1_s0,1001,1000.0,802.143,0.019567767,
496079,SOCMartNet_Non-deg_HJBv3_delc0.1_te0.009999999776482582_d2000_te0.01_s42g_hjb1_d2000_t0.01_s0,1001,1000.0,802.0564,0.09238763,
496284,SOCMartNet_HJBLQ_b1.0_delta0.2_delc0.3_d2000_te1.0_s44g_hjb2_lam10,8001,8000.0,1229.0123,0.03601227,
496285,SOCMartNet_HJBLQ_b1.0_delta0.2_delc0.3_d2000_te1.0_s44g_hjb2_lr4,8001,8000.0,1031.7379,0.018362345,
496286,SOCMartNet_HJBLQ_b1.0_delta0.2_delc0.3_d2000_te1.0_s44g_hjb2_lam10lr4,8001,8000.0,1030.6863,0.019112378,
496287,PrabMartNet_Non-deg_HJB_d10_te1.0_s42h_true_d10_t1.0,2,1.0,0.22432113,1.0059472,
496288,PrabMartNet_Non-deg_HJB_d10_te0.1_s42h_true_d10_t0.1,2,1.0,0.3172133,1.0137304,
496289,PrabMartNet_Non-deg_HJB_d10_te0.05_s42h_true_d10_t0.05,2,1.0,0.3636756,1.0155686,
496290,PrabMartNet_Non-deg_HJB_d10_te0.01_s42h_true_d10_t0.01,2,1.0,0.27750278,1.0197318,
496291,SOCMartNet_HJBLQ_b1.0_delta0.1_delc0.3_d2000_te1.0_s44g_hjb3_lr4,8001,8000.0,1221.4424,0.021506218,
496292,SOCMartNet_HJBLQ_b1.0_delta0.2_delc0.3_d10000_te1.0_s44g_hjb2_d1e4lr4,6001,6000.0,15963.368,0.023669966,
496293,SOCMartNet_HJBLQ_b1.0_delta0.1_delc0.3_d10000_te1.0_s44g_hjb3_d1e4lr4,6001,6000.0,15975.832,0.039977033,
496433,SOCMartNet_HJBLQ_b1.0_delta0.2_delc0.3_d10000_te1.0_s44g_hjb2_d1e4b64lr1,6001,6000.0,8982.826,0.019882932,
496434,SOCMartNet_HJBLQ_b1.0_delta0.2_delc0.3_d10000_te1.0_s44g_hjb2_d1e4b64lr4,6001,6000.0,9000.442,0.014372594,
496435,SOCMartNet_HJBLQ_b1.0_delta0.1_delc0.3_d10000_te1.0_s44g_hjb3_d1e4b64lr1,6001,6000.0,8992.412,0.06487477,
496436,SOCMartNet_HJBLQ_b1.0_delta0.1_delc0.3_d10000_te1.0_s44g_hjb3_d1e4b64lr4,6001,6000.0,11805.599,0.03220407,
500699,SOCMartNet_HJBLQ_b1.0_delta0.2_delc0.3_d10000_te1.0_s44i_hjb2_d1e4b64lr4_s1,6001,6000.0,11968.224,0.012890363,
500700,SOCMartNet_HJBLQ_b1.0_delta0.1_delc0.3_d10000_te1.0_s44i_hjb3_d1e4b64lr4_s1,6001,6000.0,11803.14,0.025192996,
500701,SOCMartNet_HJBLQ_b1.0_delta0.2_delc0.3_d10000_te1.0_s44i_hjb2_d1e4b64lr4_s2,6001,6000.0,11805.1455,0.01502906,
500702,SOCMartNet_HJBLQ_b1.0_delta0.1_delc0.3_d10000_te1.0_s44i_hjb3_d1e4b64lr4_s2,6001,6000.0,9004.869,0.024791734,
500703,SOCMartNet_HJBLQ_b1.0_delta0.2_delc0.3_d10000_te1.0_s44i_hjb2_d1e4b64lr4_s3,6001,6000.0,9002.497,0.013249595,
500704,SOCMartNet_HJBLQ_b1.0_delta0.1_delc0.3_d10000_te1.0_s44i_hjb3_d1e4b64lr4_s3,6001,6000.0,11966.103,0.032050073,
500705,SOCMartNet_HJBLQ_b1.0_delta0.2_delc0.3_d10000_te1.0_s44i_hjb2_d1e4b64lr4_s4,6001,6000.0,9003.096,0.013822897,
500706,SOCMartNet_HJBLQ_b1.0_delta0.1_delc0.3_d10000_te1.0_s44i_hjb3_d1e4b64lr4_s4,6001,6000.0,11808.267,0.027637051,
509991,SOCMartNet_ShiftTarget_cg10.0_tg3.0_d100_te1.0_s46i_st_d100_s0,3001,3000.0,250.53627,0.013494713,
509992,SOCMartNet_ShiftTarget_cg10.0_tg3.0_d100_te1.0_s46i_st_d100_s1,3001,3000.0,259.60587,0.008736163,
509993,SOCMartNet_ShiftTarget_cg10.0_tg3.0_d100_te1.0_s46i_st_d100_s2,3001,3000.0,253.32077,0.0111712525,
509994,SOCMartNet_ShiftTarget_cg10.0_tg3.0_d100_te1.0_s46i_st_d100_s3,3001,3000.0,253.31136,0.013684453,
509995,SOCMartNet_ShiftTarget_cg10.0_tg3.0_d100_te1.0_s46i_st_d100_s4,3001,3000.0,255.69754,0.010926144,
509996,SOCMartNet_ShiftTarget_cg10.0_tg3.0_d500_te1.0_s46i_st_d500_s0,3001,3000.0,559.42725,0.002462496,
509997,SOCMartNet_ShiftTarget_cg10.0_tg3.0_d500_te1.0_s46i_st_d500_s1,3001,3000.0,558.5144,0.0038170877,
509998,SOCMartNet_ShiftTarget_cg10.0_tg3.0_d500_te1.0_s46i_st_d500_s2,3001,3000.0,560.2829,0.003101346,
509999,SOCMartNet_ShiftTarget_cg10.0_tg3.0_d500_te1.0_s46i_st_d500_s3,3001,3000.0,557.81866,0.0032338856,
510000,SOCMartNet_ShiftTarget_cg10.0_tg3.0_d500_te1.0_s46i_st_d500_s4,3001,3000.0,559.8592,0.0035232683,
510052,SOCMartNet_ShiftTarget_cg10.0_tg3.0_d100_te1.0_s46j_rho40x_s0,3001,3000.0,255.20486,0.0020566091,
510053,SOCMartNet_ShiftTarget_cg10.0_tg3.0_d100_te1.0_s46k_rho40x_s1,3001,3000.0,253.31181,0.00097496575,
510054,SOCMartNet_ShiftTarget_cg10.0_tg3.0_d100_te1.0_s46k_rho40x_s2,3001,3000.0,249.22717,0.001708937,
510055,SOCMartNet_ShiftTarget_cg10.0_tg3.0_d100_te1.0_s46k_rho40x_s3,3001,3000.0,250.04105,0.0013542061,
510056,SOCMartNet_ShiftTarget_cg10.0_tg3.0_d100_te1.0_s46k_rho40x_s4,3001,3000.0,249.9578,0.0011509904,
511424,SOCMartNet_HJBLQ_b1.0_delta0.1_delc0.3_d100_te1.0_t2b128_g1_d100,6001,6000.0,111.39596,0.050165847,
511426,SOCMartNet_HJBLQ_b1.0_delta0.1_delc0.3_d100_te1.0_t2b128_g2_d100,6001,6000.0,136.1236,0.046977364,
511428,SOCMartNet_HJBLQ_b1.0_delta0.1_delc0.3_d100_te1.0_t2b128_g4_d100,6001,6000.0,150.40216,0.049081434,
511432,SOCMartNet_HJBLQ_b1.0_delta0.1_delc0.3_d100_te1.0_t2b128_g8_d100,6001,6000.0,152.10701,0.057932884,
511585,SOCMartNet_HJBLQ_b1.0_delta0.1_delc0.3_d500_te1.0_t2b128_g1_d500,6001,6000.0,409.6759,0.039982643,
511594,SOCMartNet_HJBLQ_b1.0_delta0.1_delc0.3_d500_te1.0_t2b128_g2_d500,6001,6000.0,230.4404,0.04004123,
511603,SOCMartNet_HJBLQ_b1.0_delta0.1_delc0.3_d500_te1.0_t2b128_g4_d500,6001,6000.0,151.16159,0.044045486,
511803,SOCMartNet_HJBLQ_b1.0_delta0.1_delc0.3_d500_te1.0_t2b128_g8_d500,6001,6000.0,155.59117,0.05547938,
511883,SOCMartNet_HJBLQ_b1.0_delta0.1_delc0.3_d800_te1.0_t2b128_g1_d800,6001,6000.0,960.9768,0.05791828,
511922,SOCMartNet_HJBLQ_b1.0_delta0.1_delc0.3_d800_te1.0_t2b128_g2_d800,6001,6000.0,517.4534,0.051062584,
511938,SOCMartNet_HJBLQ_b1.0_delta0.1_delc0.3_d800_te1.0_t2b128_g4_d800,6001,6000.0,295.4604,0.059212588,
511959,SOCMartNet_HJBLQ_b1.0_delta0.1_delc0.3_d800_te1.0_t2b128_g8_d800,6001,6000.0,194.07689,0.043180484,
511970,SOCMartNet_HJBLQ_b1.0_delta0.1_delc0.3_d1000_te1.0_t2b128_g1_d1000,6001,6000.0,1299.525,0.13888356,
511973,SOCMartNet_HJBLQ_b1.0_delta0.1_delc0.3_d1000_te1.0_t2b128_g2_d1000,6001,6000.0,701.3492,0.14534585,
511978,SOCMartNet_HJBLQ_b1.0_delta0.1_delc0.3_d1000_te1.0_t2b128_g4_d1000,6001,6000.0,387.62692,0.12930614,
512044,SOCMartNet_HJBLQ_b1.0_delta0.1_delc0.3_d1000_te1.0_t2b128_g8_d1000,6001,6000.0,235.3443,0.14980917,
512215,SOCMartNet_HJBLQ_b1.0_delta0.1_delc0.3_d2000_te1.0_t2b128_g1_d2000,6001,6000.0,4811.7437,0.12785181,
512248,SOCMartNet_HJBLQ_b1.0_delta0.1_delc0.3_d2000_te1.0_t2b128_g2_d2000,6001,6000.0,2500.7832,0.117891036,
512267,SOCMartNet_HJBLQ_b1.0_delta0.1_delc0.3_d2000_te1.0_t2b128_g4_d2000,6001,6000.0,1354.1265,0.12843993,
512308,SOCMartNet_HJBLQ_b1.0_delta0.1_delc0.3_d2000_te1.0_t2b128_g8_d2000,6001,6000.0,773.817,0.123736724,
513220,SOCMartNet_HJBLQ_b1.0_delta0.2_delc0.3_1p_d100_te1.0_t1e2_w256_d100_s0,3201,3200.0,71.93558,0.0010656461,
513221,SOCMartNet_HJBLQ_b1.0_delta0.2_delc0.3_1p_d300_te1.0_t1e2_w256_d300_s0,3301,3300.0,89.12177,4.1933738e-05,
513222,SOCMartNet_HJBLQ_b1.0_delta0.2_delc0.3_1p_d500_te1.0_t1e2_w256_d500_s0,4601,4600.0,129.85011,0.001873857,
513223,SOCMartNet_HJBLQ_b1.0_delta0.2_delc0.3_1p_d800_te1.0_t1e2_w256_d800_s0,4801,4800.0,156.10608,0.964868,
513224,SOCMartNet_HJBLQ_b1.0_delta0.2_delc0.3_1p_d1000_te1.0_t1e2_w256_d1000_s0,4901,4900.0,169.2979,1.0353485,
513225,SOCMartNet_HJBLQ_b1.0_delta0.2_delc0.3_1p_d100_te1.0_t1e2_wd10_d100_s0,4501,4500.0,67.84895,0.0015070724,
513226,SOCMartNet_HJBLQ_b1.0_delta0.2_delc0.3_1p_d300_te1.0_t1e2_wd10_d300_s0,3501,3500.0,86.96427,0.001130034,
513227,SOCMartNet_HJBLQ_b1.0_delta0.2_delc0.3_1p_d500_te1.0_t1e2_wd10_d500_s0,3501,3500.0,167.84439,0.0008686215,
513228,SOCMartNet_HJBLQ_b1.0_delta0.2_delc0.3_1p_d800_te1.0_t1e2_wd10_d800_s0,3001,3000.0,328.5467,0.8221266,
513229,SOCMartNet_HJBLQ_b1.0_delta0.2_delc0.3_1p_d1000_te1.0_t1e2_wd10_d1000_s0,4101,4100.0,604.65735,0.29236895,
513231,SOCMartNet_HJBLQ_b1.0_delta0.2_delc0.3_1p_d800_te1.0_t1e3_w256_d800_u1r10_s0,4801,4800.0,155.5664,0.0013087327,
513232,SOCMartNet_HJBLQ_b1.0_delta0.2_delc0.3_1p_d800_te1.0_t1e3_w256_d800_u1r1_s0,4801,4800.0,155.16411,0.0016253411,
513233,SOCMartNet_HJBLQ_b1.0_delta0.2_delc0.3_1p_d1000_te1.0_t1e3_w256_d1000_u1r10_s0,4901,4900.0,169.69647,0.0056213494,
513234,SOCMartNet_HJBLQ_b1.0_delta0.2_delc0.3_1p_d1000_te1.0_t1e3_w256_d1000_u1r1_s0,4901,4900.0,169.999,0.0011376595,
513235,SOCMartNet_HJBLQ_b1.0_delta0.2_delc0.3_1p_d1000_te1.0_t1e3_w256_d1000_u0.5r10_s0,4901,4900.0,169.99826,0.004000265,
513236,SOCMartNet_HJBLQ_b1.0_delta0.2_delc0.3_1p_d800_te1.0_t1e3_wd10_d800_u1r10_s0,3001,3000.0,329.27905,0.00012506152,
513237,SOCMartNet_HJBLQ_b1.0_delta0.2_delc0.3_1p_d800_te1.0_t1e3_wd10_d800_u1r1_s0,3001,3000.0,328.7881,0.0014796462,
513238,SOCMartNet_HJBLQ_b1.0_delta0.2_delc0.3_1p_d1000_te1.0_t1e3_wd10_d1000_u1r10_s0,4101,4100.0,603.44366,0.0020277028,
513239,SOCMartNet_HJBLQ_b1.0_delta0.2_delc0.3_1p_d1000_te1.0_t1e3_wd10_d1000_u1r1_s0,4101,4100.0,603.2895,0.0031438104,
513240,SOCMartNet_HJBLQ_b1.0_delta0.2_delc0.3_1p_d800_te1.0_t1e3_w256_d800_u1r10_s1,4801,4800.0,156.22374,0.008812064,
513241,SOCMartNet_HJBLQ_b1.0_delta0.2_delc0.3_1p_d1000_te1.0_t1e3_w256_d1000_u1r1_s1,4901,4900.0,169.66745,0.0016424203,
513242,SOCMartNet_HJBLQ_b1.0_delta0.2_delc0.3_1p_d800_te1.0_t1e3_wd10_d800_u1r10_s1,3001,3000.0,328.32742,0.003094058,
513243,SOCMartNet_HJBLQ_b1.0_delta0.2_delc0.3_1p_d1000_te1.0_t1e3_wd10_d1000_u1r10_s1,4101,4100.0,603.59235,0.0014685143,
513244,SOCMartNet_HJBLQ_b1.0_delta0.2_delc0.3_1p_d800_te1.0_t1e3_w256_d800_u1r10_s2,4801,4800.0,154.88467,0.001260442,
513245,SOCMartNet_HJBLQ_b1.0_delta0.2_delc0.3_1p_d1000_te1.0_t1e3_w256_d1000_u1r1_s2,4901,4900.0,169.29332,0.0010534751,
513246,SOCMartNet_HJBLQ_b1.0_delta0.2_delc0.3_1p_d800_te1.0_t1e3_wd10_d800_u1r10_s2,3001,3000.0,328.45526,0.004196277,
513247,SOCMartNet_HJBLQ_b1.0_delta0.2_delc0.3_1p_d1000_te1.0_t1e3_wd10_d1000_u1r10_s2,4101,4100.0,604.13043,0.00053636666,
513248,SOCMartNet_HJBLQ_b1.0_delta0.2_delc0.3_1p_d800_te1.0_t1e3_w256_d800_u1r10_s3,4801,4800.0,155.63327,0.00025997616,
513249,SOCMartNet_HJBLQ_b1.0_delta0.2_delc0.3_1p_d1000_te1.0_t1e3_w256_d1000_u1r1_s3,4901,4900.0,170.30699,0.00014776149,
513250,SOCMartNet_HJBLQ_b1.0_delta0.2_delc0.3_1p_d800_te1.0_t1e3_wd10_d800_u1r10_s3,3001,3000.0,329.2265,0.0032428242,
513251,SOCMartNet_HJBLQ_b1.0_delta0.2_delc0.3_1p_d1000_te1.0_t1e3_wd10_d1000_u1r10_s3,4101,4100.0,602.9785,0.00036670986,
513252,SOCMartNet_HJBLQ_b1.0_delta0.2_delc0.3_1p_d800_te1.0_t1e3_w256_d800_u1r10_s4,4801,4800.0,154.74017,0.0001340001,
513253,SOCMartNet_HJBLQ_b1.0_delta0.2_delc0.3_1p_d1000_te1.0_t1e3_w256_d1000_u1r1_s4,4901,4900.0,170.28403,0.000633708,
513254,SOCMartNet_HJBLQ_b1.0_delta0.2_delc0.3_1p_d800_te1.0_t1e3_wd10_d800_u1r10_s4,3001,3000.0,328.99857,0.0014914245,
513255,SOCMartNet_HJBLQ_b1.0_delta0.2_delc0.3_1p_d1000_te1.0_t1e3_wd10_d1000_u1r10_s4,4101,4100.0,603.67017,0.0029580684,
513256,SOCMartNet_HJBLQ_b1.0_delta0.2_delc0.3_1p_d100_te1.0_t1e2_w256_d100_s1,3201,3200.0,72.97541,0.001282835,
513257,SOCMartNet_HJBLQ_b1.0_delta0.2_delc0.3_1p_d100_te1.0_t1e2_w256_d100_s2,3201,3200.0,72.21806,0.0020893067,
513258,SOCMartNet_HJBLQ_b1.0_delta0.2_delc0.3_1p_d100_te1.0_t1e2_w256_d100_s3,3201,3200.0,71.89239,0.0020740617,
513259,SOCMartNet_HJBLQ_b1.0_delta0.2_delc0.3_1p_d100_te1.0_t1e2_w256_d100_s4,3201,3200.0,72.42243,0.0018514727,
513260,SOCMartNet_HJBLQ_b1.0_delta0.2_delc0.3_1p_d300_te1.0_t1e2_w256_d300_s1,3301,3300.0,89.312294,0.0004890252,
513261,SOCMartNet_HJBLQ_b1.0_delta0.2_delc0.3_1p_d300_te1.0_t1e2_w256_d300_s2,3301,3300.0,89.02564,0.0019910801,
513262,SOCMartNet_HJBLQ_b1.0_delta0.2_delc0.3_1p_d300_te1.0_t1e2_w256_d300_s3,3301,3300.0,89.07103,0.0005547605,
513263,SOCMartNet_HJBLQ_b1.0_delta0.2_delc0.3_1p_d300_te1.0_t1e2_w256_d300_s4,3301,3300.0,89.36103,0.00017323167,
513264,SOCMartNet_HJBLQ_b1.0_delta0.2_delc0.3_1p_d500_te1.0_t1e2_w256_d500_s1,4601,4600.0,128.82906,0.0008229212,
513265,SOCMartNet_HJBLQ_b1.0_delta0.2_delc0.3_1p_d500_te1.0_t1e2_w256_d500_s2,4601,4600.0,129.04492,0.001540449,
513266,SOCMartNet_HJBLQ_b1.0_delta0.2_delc0.3_1p_d500_te1.0_t1e2_w256_d500_s3,4601,4600.0,130.17351,0.00079032936,
513267,SOCMartNet_HJBLQ_b1.0_delta0.2_delc0.3_1p_d500_te1.0_t1e2_w256_d500_s4,4601,4600.0,128.72585,0.00032903516,
513272,SOCMartNet_HJBLQ_b1.0_delta0.2_delc0.3_1p_d300_te1.0_t1e2_wd10_d300_s1,3501,3500.0,87.08167,4.2279826e-05,
513273,SOCMartNet_HJBLQ_b1.0_delta0.2_delc0.3_1p_d300_te1.0_t1e2_wd10_d300_s2,3501,3500.0,86.99358,0.000413042,
513274,SOCMartNet_HJBLQ_b1.0_delta0.2_delc0.3_1p_d300_te1.0_t1e2_wd10_d300_s3,3501,3500.0,87.947464,0.00035815392,
513275,SOCMartNet_HJBLQ_b1.0_delta0.2_delc0.3_1p_d300_te1.0_t1e2_wd10_d300_s4,3501,3500.0,86.91072,0.00061536196,
513276,SOCMartNet_HJBLQ_b1.0_delta0.2_delc0.3_1p_d500_te1.0_t1e2_wd10_d500_s1,3501,3500.0,168.4109,0.0007980502,
513277,SOCMartNet_HJBLQ_b1.0_delta0.2_delc0.3_1p_d500_te1.0_t1e2_wd10_d500_s2,3501,3500.0,167.53697,0.16090569,
513278,SOCMartNet_HJBLQ_b1.0_delta0.2_delc0.3_1p_d500_te1.0_t1e2_wd10_d500_s3,3501,3500.0,169.90735,0.0014675417,
513279,SOCMartNet_HJBLQ_b1.0_delta0.2_delc0.3_1p_d500_te1.0_t1e2_wd10_d500_s4,3501,3500.0,167.60382,0.0006906186,
513296,SOCMartNet_HJBLQ_b1.0_delta0.2_delc0.3_1p_d500_te1.0_t1e5_wd10_d500_u1r10_s0,3501,3500.0,167.81935,0.0041336026,
513297,SOCMartNet_HJBLQ_b1.0_delta0.2_delc0.3_1p_d500_te1.0_t1e5_wd10_d500_u1r1_s0,3501,3500.0,167.65291,0.0046708896,
513298,SOCMartNet_HJBLQ_b1.0_delta0.2_delc0.3_1p_d500_te1.0_t1e5_wd10_d500_u1r10_s1,3501,3500.0,167.48494,0.0018977618,
513299,SOCMartNet_HJBLQ_b1.0_delta0.2_delc0.3_1p_d500_te1.0_t1e5_wd10_d500_u1r1_s1,3501,3500.0,167.6084,0.0011329494,
513300,SOCMartNet_HJBLQ_b1.0_delta0.2_delc0.3_1p_d500_te1.0_t1e5_wd10_d500_u1r10_s2,3501,3500.0,167.59161,0.002069022,
513301,SOCMartNet_HJBLQ_b1.0_delta0.2_delc0.3_1p_d500_te1.0_t1e5_wd10_d500_u1r1_s2,3501,3500.0,167.6604,0.0028899608,
513302,SOCMartNet_HJBLQ_b1.0_delta0.2_delc0.3_1p_d500_te1.0_t1e5_wd10_d500_u1r10_s3,3501,3500.0,167.23352,0.00043711084,
513303,SOCMartNet_HJBLQ_b1.0_delta0.2_delc0.3_1p_d500_te1.0_t1e5_wd10_d500_u1r1_s3,3501,3500.0,167.00066,0.0020983382,
513304,SOCMartNet_HJBLQ_b1.0_delta0.2_delc0.3_1p_d500_te1.0_t1e5_wd10_d500_u1r10_s4,3501,3500.0,167.75372,0.00137459,
513305,SOCMartNet_HJBLQ_b1.0_delta0.2_delc0.3_1p_d500_te1.0_t1e5_wd10_d500_u1r1_s4,3501,3500.0,167.99352,0.0004270237,
513312,SOCMartNet_HJBLQ_b1.0_delta0.2_delc0.3_1p_d100_te1.0_t1e6_wd10_d100_s0,3501,3500.0,52.48515,0.0018362834,
513313,SOCMartNet_HJBLQ_b1.0_delta0.2_delc0.3_1p_d100_te1.0_t1e6_wd10_d100_s1,3501,3500.0,52.33159,0.0005330847,
513314,SOCMartNet_HJBLQ_b1.0_delta0.2_delc0.3_1p_d100_te1.0_t1e6_wd10_d100_s2,3501,3500.0,51.990067,0.003965279,
513315,SOCMartNet_HJBLQ_b1.0_delta0.2_delc0.3_1p_d100_te1.0_t1e6_wd10_d100_s3,3501,3500.0,51.959213,3.2373253e-05,
513316,SOCMartNet_HJBLQ_b1.0_delta0.2_delc0.3_1p_d100_te1.0_t1e6_wd10_d100_s4,3501,3500.0,51.871944,0.0026049882,
5431552,SOCMartNet_HJBLQ_b1.0_delta0.2_delc0.3_d1000_te1.0_v3r4ctrbi8klr4s0,8001,8000.0,853.54224,0.0211662,
5432739,PrabMartNet_Counter_Example_d100_te1.0_s41cb_d100_s0,2001,2000.0,25.179928,0.0057526575,
5432742,PrabMartNet_Counter_Example_d1000_te1.0_s41cb_d1000_s0,2001,2000.0,102.24031,0.0069218026,
5432744,PrabMartNet_Non-deg_HJB_d100_te1.0_s42cb_t1.0_d100_s0,2001,2000.0,35.896023,0.013272508,
5432745,PrabMartNet_Non-deg_HJB_d100_te0.1_s42cb_t0.1_d100_s0,2001,2000.0,28.000954,0.0035611386,
5432746,PrabMartNet_Non-deg_HJB_d100_te0.05_s42cb_t0.05_d100_s0,2001,2000.0,27.934513,0.006272998,
5432747,PrabMartNet_Non-deg_HJB_d100_te0.01_s42cb_t0.01_d100_s0,2001,2000.0,28.210842,0.020159928,
5432762,PrabMartNet_Counter_Example_d2000_te1.0_s41arc_d2000_s0,4001,4000.0,648.17993,0.0044402056,
5432779,PrabMartNet_LinearSinAC_d100_te1.0_s43fix_n3_d100_s0,3001,3000.0,32.473515,0.07026164,
5432780,PrabMartNet_LinearSinAC_d100_te1.0_s43fix_n4_d100_s0,3001,3000.0,44.780224,0.051545713,
5432781,PrabMartNet_LinearSinAC_d100_te1.0_s43fix_n5_d100_s0,3001,3000.0,43.50729,0.04434852,
5432782,PrabMartNet_LinearSinAC_d100_te1.0_s43fix_n6_d100_s0,3001,3000.0,26.640034,0.03867212,
5432783,PrabMartNet_LinearSinAC_d100_te1.0_s43fix_n8_d100_s0,3001,3000.0,33.391357,0.029326906,
5432784,PrabMartNet_LinearSinAC_d100_te1.0_s43fix_n12_d100_s0,3001,3000.0,32.87833,0.027285254,
5432785,PrabMartNet_LinearSinAC_d100_te1.0_s43fix_n18_d100_s0,3001,3000.0,32.955433,0.021862637,
5432818,PrabMartNet_LinearSinAC_d100_te1.0_s43i6k_n6_d100_s0,6001,6000.0,100.03046,0.028042654,
5432819,PrabMartNet_LinearSinAC_d100_te1.0_s43i6k_n8_d100_s0,6001,6000.0,52.70722,0.021918777,
5432820,PrabMartNet_LinearSinAC_d100_te1.0_s43i6k_n12_d100_s0,6001,6000.0,51.095196,0.015508717,
5432821,PrabMartNet_LinearSinAC_d100_te1.0_s43i6k_n18_d100_s0,6001,6000.0,51.58046,0.010103749,
5432822,PrabMartNet_Counter_Example_d2000_te1.0_s41f_d2000_s1,4001,4000.0,657.26105,0.0042062183,
5432823,PrabMartNet_Counter_Example_d2000_te1.0_s41f_d2000_s2,4001,4000.0,663.23157,0.005305276,
5432824,PrabMartNet_Counter_Example_d2000_te1.0_s41f_d2000_s3,4001,4000.0,684.7397,0.0038673065,
5432825,PrabMartNet_Counter_Example_d2000_te1.0_s41f_d2000_s4,4001,4000.0,686.4772,0.00487994,
5432826,PrabMartNet_LinearSinAC_d100_te1.0_s43f_n3_d100_s1,3001,3000.0,31.303394,0.07380569,
5432827,PrabMartNet_LinearSinAC_d100_te1.0_s43f_n3_d100_s2,3001,3000.0,31.539734,0.07224518,
5432828,PrabMartNet_LinearSinAC_d100_te1.0_s43f_n3_d100_s3,3001,3000.0,31.638958,0.07267925,
5432829,PrabMartNet_LinearSinAC_d100_te1.0_s43f_n3_d100_s4,3001,3000.0,53.92651,0.07559805,
5432830,PrabMartNet_LinearSinAC_d100_te1.0_s43f_n4_d100_s1,3001,3000.0,32.34044,0.050373875,
5432831,PrabMartNet_LinearSinAC_d100_te1.0_s43f_n4_d100_s2,3001,3000.0,31.926493,0.050708696,
5432832,PrabMartNet_LinearSinAC_d100_te1.0_s43f_n4_d100_s3,3001,3000.0,31.872385,0.05101775,
5432833,PrabMartNet_LinearSinAC_d100_te1.0_s43f_n4_d100_s4,3001,3000.0,47.259953,0.05372373,
5432840,PrabMartNet_LinearSinAC_d100_te1.0_s43f_n5_d100_s1,3001,3000.0,31.839386,0.04410495,
5432841,PrabMartNet_LinearSinAC_d100_te1.0_s43f_n5_d100_s2,3001,3000.0,31.712141,0.044656016,
5432843,PrabMartNet_LinearSinAC_d100_te1.0_s43f_n5_d100_s3,3001,3000.0,31.819286,0.04478931,
5432844,PrabMartNet_LinearSinAC_d100_te1.0_s43f_n5_d100_s4,3001,3000.0,49.926918,0.047448177,
5432905,PrabMartNet_Counter_Example_d100_te1.0_s41f_d100_s1,2001,2000.0,38.536022,0.006077561,
5432906,PrabMartNet_Counter_Example_d100_te1.0_s41f_d100_s2,2001,2000.0,38.106552,0.0053194,
5432907,PrabMartNet_Counter_Example_d100_te1.0_s41f_d100_s3,2001,2000.0,35.343117,0.005336734,
5432908,PrabMartNet_Counter_Example_d100_te1.0_s41f_d100_s4,2001,2000.0,28.389984,0.00830782,
5432910,PrabMartNet_Counter_Example_d1000_te1.0_s41f_d1000_s1,2001,2000.0,102.27164,0.006425538,
5432911,PrabMartNet_Counter_Example_d1000_te1.0_s41f_d1000_s2,2001,2000.0,100.38919,0.007502083,
5432912,PrabMartNet_Counter_Example_d1000_te1.0_s41f_d1000_s3,2001,2000.0,107.31755,0.005950271,
5432931,PrabMartNet_Counter_Example_d1000_te1.0_s41f_d1000_s4,2001,2000.0,106.23819,0.0058986545,
5432932,PrabMartNet_Non-deg_HJB_d100_te1.0_s42f_t1.0_d100_s1,2001,2000.0,39.60532,0.019433582,
5432933,PrabMartNet_Non-deg_HJB_d100_te1.0_s42f_t1.0_d100_s2,2001,2000.0,39.94473,0.013222643,
5432934,PrabMartNet_Non-deg_HJB_d100_te1.0_s42f_t1.0_d100_s3,2001,2000.0,40.645905,0.0133794,
5432935,PrabMartNet_Non-deg_HJB_d100_te1.0_s42f_t1.0_d100_s4,2001,2000.0,35.29017,0.01363348,
5432936,PrabMartNet_Non-deg_HJB_d100_te0.1_s42f_t0.1_d100_s1,2001,2000.0,22.434496,0.0035610576,
5432937,PrabMartNet_Non-deg_HJB_d100_te0.1_s42f_t0.1_d100_s2,2001,2000.0,22.324797,0.0035171756,
5432938,PrabMartNet_Non-deg_HJB_d100_te0.1_s42f_t0.1_d100_s3,2001,2000.0,22.067678,0.0021976703,
5432940,PrabMartNet_Non-deg_HJB_d100_te0.1_s42f_t0.1_d100_s4,2001,2000.0,41.54734,0.0033457058,
5432941,PrabMartNet_Non-deg_HJB_d100_te0.05_s42f_t0.05_d100_s1,2001,2000.0,42.95114,0.006327503,
5432943,PrabMartNet_Non-deg_HJB_d100_te0.05_s42f_t0.05_d100_s2,2001,2000.0,40.179787,0.0053195967,
5432944,PrabMartNet_Non-deg_HJB_d100_te0.05_s42f_t0.05_d100_s3,2001,2000.0,34.256542,0.004692438,
5432945,PrabMartNet_Non-deg_HJB_d100_te0.05_s42f_t0.05_d100_s4,2001,2000.0,42.68444,0.0056020804,
5432946,PrabMartNet_Non-deg_HJB_d100_te0.01_s42f_t0.01_d100_s1,2001,2000.0,22.499432,0.021006519,
5432947,PrabMartNet_Non-deg_HJB_d100_te0.01_s42f_t0.01_d100_s2,2001,2000.0,21.883368,0.020562978,
5432948,PrabMartNet_Non-deg_HJB_d100_te0.01_s42f_t0.01_d100_s3,2001,2000.0,22.082333,0.019614853,
5432950,PrabMartNet_Non-deg_HJB_d100_te0.01_s42f_t0.01_d100_s4,2001,2000.0,27.717556,0.020377986,
5432963,PrabMartNet_LinearSinAC_d100_te1.0_s43i6kf_n6_d100_s1,6001,6000.0,51.6964,0.034304634,
5432964,PrabMartNet_LinearSinAC_d100_te1.0_s43i6kf_n6_d100_s2,6001,6000.0,50.281765,0.029756563,
5432965,PrabMartNet_LinearSinAC_d100_te1.0_s43i6kf_n6_d100_s3,6001,6000.0,50.093235,0.032054067,
5432966,PrabMartNet_LinearSinAC_d100_te1.0_s43i6kf_n6_d100_s4,6001,6000.0,51.17476,0.031889316,
5432967,PrabMartNet_LinearSinAC_d100_te1.0_s43i6kf_n8_d100_s1,6001,6000.0,51.70923,0.02448726,
5432968,PrabMartNet_LinearSinAC_d100_te1.0_s43i6kf_n8_d100_s2,6001,6000.0,51.931316,0.021331994,
5432969,PrabMartNet_LinearSinAC_d100_te1.0_s43i6kf_n8_d100_s3,6001,6000.0,52.801006,0.023686131,
5432970,PrabMartNet_LinearSinAC_d100_te1.0_s43i6kf_n8_d100_s4,6001,6000.0,52.999813,0.021762768,
5432971,PrabMartNet_LinearSinAC_d100_te1.0_s43i6kf_n12_d100_s1,6001,6000.0,50.85161,0.01868067,
5432972,PrabMartNet_LinearSinAC_d100_te1.0_s43i6kf_n12_d100_s2,6001,6000.0,53.218098,0.017142022,
5432973,PrabMartNet_LinearSinAC_d100_te1.0_s43i6kf_n12_d100_s3,6001,6000.0,52.82464,0.014282938,
5432974,PrabMartNet_LinearSinAC_d100_te1.0_s43i6kf_n12_d100_s4,6001,6000.0,65.01692,0.017044896,
5432975,PrabMartNet_LinearSinAC_d100_te1.0_s43i6kf_n18_d100_s1,6001,6000.0,65.45098,0.010509307,
5432976,PrabMartNet_LinearSinAC_d100_te1.0_s43i6kf_n18_d100_s2,6001,6000.0,65.19416,0.008971896,
5432977,PrabMartNet_LinearSinAC_d100_te1.0_s43i6kf_n18_d100_s3,6001,6000.0,51.605583,0.009195522,
5432978,PrabMartNet_LinearSinAC_d100_te1.0_s43i6kf_n18_d100_s4,6001,6000.0,51.954807,0.013061629,
